epoch,time,train/box_loss,train/cls_loss,train/dfl_loss,metrics/precision(B),metrics/recall(B),metrics/mAP50(B),metrics/mAP50-95(B),val/box_loss,val/cls_loss,val/dfl_loss,lr/pg0,lr/pg1,lr/pg2
1,1.98466,4.77902,5.61714,4.5145,0.00025,0.025,0.00019,4e-05,4.93608,4.8172,4.16158,6.666e-05,6.666e-05,6.666e-05
2,3.65889,4.68688,5.17483,4.40346,0.00116,0.025,0.00132,0.00013,4.93605,4.8254,4.16332,0.000143715,0.000143715,0.000143715
3,5.28746,4.59994,4.82522,4.22572,0.00071,0.025,0.00048,5e-05,4.93876,4.83663,4.16714,0.00022,0.00022,0.00022
4,7.11489,4.54494,4.48864,4.13497,0,0,0,0,4.93831,4.85786,4.17203,0.000295515,0.000295515,0.000295515
5,8.72414,4.09473,4.0355,3.96521,0.00036,0.025,0.00035,7e-05,4.94557,4.90023,4.18339,0.000370261,0.000370261,0.000370261
6,10.3113,3.86764,3.77244,3.72259,0.00036,0.025,0.0004,8e-05,4.9496,4.96226,4.2008,0.000444236,0.000444236,0.000444236
7,11.92,3.55271,3.39372,3.5067,0,0,0,0,4.957,4.9294,4.23441,0.000517442,0.000517442,0.000517442
8,13.5275,3.48951,3.26844,3.25709,0.00019,0.025,0.00012,1e-05,4.9561,4.79996,4.25177,0.000589877,0.000589877,0.000589877
9,15.1212,3.26525,3.13402,3.21617,0,0,0,0,4.95641,4.97785,4.28132,0.000661543,0.000661543,0.000661543
10,16.7685,3.25279,3.05712,2.9881,0,0,0,0,4.95205,4.94639,4.28375,0.000732438,0.000732438,0.000732438
11,18.3307,3.07445,2.65101,2.82168,0.00012,0.025,0.00021,2e-05,4.94612,4.95527,4.25866,0.000802564,0.000802564,0.000802564
12,19.9532,2.95847,2.59853,2.61567,0,0,0,0,4.94458,4.77418,4.26151,0.00087192,0.00087192,0.00087192
13,21.5134,2.83791,2.46273,2.48793,0,0,0,0,4.94366,4.75149,4.27588,0.000940506,0.000940506,0.000940506
14,23.0836,2.7753,2.36683,2.49682,0,0,0,0,4.95015,4.90791,4.33294,0.00100832,0.00100832,0.00100832
15,24.7135,2.74571,2.31819,2.40243,0,0,0,0,4.93605,4.8736,4.3165,0.00103401,0.00103401,0.00103401
16,26.2971,2.63417,2.19476,2.28745,0,0,0,0,4.91282,4.77801,4.26896,0.00102851,0.00102851,0.00102851
17,27.8853,2.54092,2.16081,2.19037,0,0,0,0,4.87349,4.65094,4.20501,0.00102301,0.00102301,0.00102301
18,29.4554,2.53592,2.04624,2.12971,0,0,0,0,4.70033,4.42192,4.0694,0.00101751,0.00101751,0.00101751
19,31.0333,2.44047,2.01733,2.08337,0.00202,0.01972,0.00757,0.00178,4.21199,4.02923,3.77057,0.00101201,0.00101201,0.00101201
20,32.6415,2.42639,1.98646,1.96495,0.90586,0.02714,0.03158,0.00985,3.28385,3.15529,3.0874,0.00100651,0.00100651,0.00100651
21,34.2363,2.38941,1.97121,1.94421,0.92368,0.02714,0.04293,0.01464,2.99615,2.81873,2.81127,0.00100101,0.00100101,0.00100101
22,35.8696,2.2981,1.86406,1.92697,0.73497,0.05547,0.06188,0.02177,2.78554,2.33577,2.44445,0.000995512,0.000995512,0.000995512
23,37.4585,2.20912,1.76199,1.83251,0.73624,0.09635,0.08003,0.03513,2.40725,1.9896,2.13187,0.000990012,0.000990012,0.000990012
24,39.2118,2.29261,1.78986,1.86584,0.72861,0.11343,0.10411,0.03417,2.38256,1.85091,1.99337,0.000984513,0.000984513,0.000984513
25,40.8296,2.19588,1.73528,1.77495,0.73809,0.12569,0.1202,0.04243,2.30984,1.78387,1.94114,0.000979013,0.000979013,0.000979013
26,42.4591,2.20202,1.71097,1.78371,0.69373,0.13406,0.13475,0.05646,2.16623,1.69818,1.80781,0.000973514,0.000973514,0.000973514
27,44.0716,2.15527,1.71023,1.78237,0.66003,0.16717,0.15235,0.05977,2.19717,1.63362,1.77981,0.000968014,0.000968014,0.000968014
28,45.6606,2.14166,1.67938,1.7049,0.60762,0.1808,0.14963,0.05484,2.22566,1.60204,1.76281,0.000962515,0.000962515,0.000962515
29,47.1892,2.15286,1.68653,1.67159,0.42596,0.1977,0.1568,0.06234,2.08663,1.57033,1.69911,0.000957015,0.000957015,0.000957015
30,48.7817,2.07596,1.64021,1.67952,0.62321,0.21095,0.1858,0.08224,2.03799,1.55097,1.66501,0.000951516,0.000951516,0.000951516
31,50.367,2.03796,1.60173,1.63617,0.73379,0.1958,0.20026,0.08332,2.0825,1.50787,1.68664,0.000946016,0.000946016,0.000946016
32,51.9489,2.07707,1.59725,1.6212,0.48252,0.18058,0.17954,0.08292,1.94034,1.55606,1.67001,0.000940517,0.000940517,0.000940517
33,53.5076,2.03116,1.59654,1.62998,0.48632,0.18422,0.17913,0.08289,1.94309,1.56811,1.66649,0.000935018,0.000935018,0.000935018
34,55.0469,2.02692,1.60869,1.60687,0.73792,0.20255,0.20847,0.09636,1.98354,1.48958,1.62351,0.000929518,0.000929518,0.000929518
35,56.5858,2.039,1.59534,1.58448,0.71047,0.21399,0.21737,0.09035,1.95765,1.44751,1.62107,0.000924019,0.000924019,0.000924019
36,58.1476,2.01115,1.5741,1.58743,0.72947,0.22604,0.21622,0.09383,1.96619,1.46127,1.60819,0.000918519,0.000918519,0.000918519
37,59.702,1.94535,1.48979,1.5337,0.72177,0.22275,0.21564,0.10037,1.94009,1.43164,1.58997,0.00091302,0.00091302,0.00091302
38,61.3063,1.92015,1.52472,1.55672,0.74848,0.22265,0.23326,0.11663,1.80903,1.34704,1.50346,0.00090752,0.00090752,0.00090752
39,62.8497,1.90974,1.52498,1.56174,0.7515,0.22257,0.23715,0.11303,1.88824,1.38073,1.51353,0.000902021,0.000902021,0.000902021
40,64.404,1.8753,1.49506,1.45899,0.67146,0.23758,0.26534,0.11569,1.81821,1.38558,1.51632,0.000896521,0.000896521,0.000896521
41,65.9418,1.8648,1.45353,1.52026,0.58318,0.2529,0.27144,0.11766,1.85629,1.3668,1.51902,0.000891022,0.000891022,0.000891022
42,67.5546,1.8054,1.38464,1.48403,0.54744,0.24485,0.25881,0.12509,1.74762,1.31714,1.47062,0.000885523,0.000885523,0.000885523
43,69.0869,1.81708,1.40833,1.46942,0.55833,0.2549,0.27637,0.13692,1.69077,1.36749,1.44675,0.000880023,0.000880023,0.000880023
44,70.7552,1.75491,1.43217,1.48248,0.56026,0.25751,0.28279,0.1346,1.75471,1.36254,1.47128,0.000874524,0.000874524,0.000874524
45,72.2965,1.76088,1.34798,1.43924,0.53367,0.24764,0.30168,0.14311,1.74019,1.32953,1.47144,0.000869024,0.000869024,0.000869024
46,73.8841,1.79812,1.35944,1.38819,0.77794,0.24368,0.34231,0.16053,1.74106,1.29358,1.442,0.000863525,0.000863525,0.000863525
47,75.5013,1.83306,1.42382,1.41588,0.54706,0.28867,0.34866,0.14963,1.71757,1.30838,1.45298,0.000858025,0.000858025,0.000858025
48,77.0861,1.77927,1.38002,1.43109,0.63799,0.24353,0.33125,0.14484,1.85066,1.32649,1.48282,0.000852526,0.000852526,0.000852526
49,78.638,1.75533,1.33707,1.41257,0.54428,0.29176,0.30244,0.13323,1.84611,1.31428,1.46686,0.000847026,0.000847026,0.000847026
50,80.1641,1.80585,1.3865,1.44167,0.34391,0.32382,0.29174,0.14114,1.75824,1.32655,1.39497,0.000841527,0.000841527,0.000841527
51,81.6945,1.75641,1.3362,1.40326,0.46614,0.29346,0.30028,0.14625,1.63858,1.2901,1.36644,0.000836027,0.000836027,0.000836027
52,83.2869,1.79446,1.30986,1.34439,0.41362,0.31604,0.29991,0.1448,1.60324,1.22443,1.37129,0.000830528,0.000830528,0.000830528
53,84.8198,1.76452,1.42434,1.41177,0.34547,0.30885,0.31179,0.1487,1.60803,1.2325,1.37957,0.000825029,0.000825029,0.000825029
54,86.4215,1.7345,1.31422,1.37318,0.57275,0.29767,0.39577,0.18129,1.63201,1.25802,1.37821,0.000819529,0.000819529,0.000819529
55,88.016,1.72952,1.32588,1.37556,0.49813,0.31778,0.35733,0.16494,1.56646,1.21752,1.34171,0.00081403,0.00081403,0.00081403
56,89.5976,1.76117,1.35629,1.37319,0.34206,0.37601,0.33183,0.16654,1.59436,1.21406,1.33852,0.00080853,0.00080853,0.00080853
57,91.1402,1.69285,1.26275,1.31811,0.3703,0.38397,0.34003,0.16726,1.57798,1.20366,1.33585,0.000803031,0.000803031,0.000803031
58,92.6872,1.70559,1.32748,1.39672,0.449,0.31167,0.33967,0.16641,1.59668,1.22986,1.33614,0.000797531,0.000797531,0.000797531
59,94.2421,1.67549,1.27352,1.34393,0.72985,0.26829,0.38243,0.19389,1.50547,1.21264,1.30202,0.000792032,0.000792032,0.000792032
60,95.8537,1.77472,1.32755,1.41006,0.37411,0.38257,0.41373,0.20315,1.60594,1.20369,1.31768,0.000786532,0.000786532,0.000786532
61,97.4738,1.74271,1.31344,1.36528,0.42362,0.38411,0.40772,0.1963,1.61984,1.17797,1.31738,0.000781033,0.000781033,0.000781033
62,99.0696,1.65771,1.23601,1.31547,0.47071,0.33917,0.40422,0.19435,1.46909,1.1331,1.27536,0.000775534,0.000775534,0.000775534
63,100.616,1.631,1.24692,1.32051,0.63456,0.34784,0.39828,0.19008,1.51477,1.17265,1.27286,0.000770034,0.000770034,0.000770034
64,102.321,1.66562,1.20653,1.29443,0.35958,0.33372,0.3824,0.19322,1.48802,1.14555,1.26365,0.000764535,0.000764535,0.000764535
65,103.958,1.60555,1.1958,1.2895,0.4619,0.32602,0.37078,0.18212,1.46997,1.12882,1.26373,0.000759035,0.000759035,0.000759035
66,105.536,1.6253,1.18152,1.28715,0.48531,0.36186,0.41234,0.20073,1.5637,1.12131,1.28186,0.000753536,0.000753536,0.000753536
67,107.11,1.64262,1.22425,1.28329,0.60095,0.36501,0.4424,0.22207,1.56841,1.12521,1.29168,0.000748036,0.000748036,0.000748036
68,108.672,1.60772,1.2007,1.28556,0.6556,0.37741,0.46578,0.22899,1.49354,1.13437,1.27457,0.000742537,0.000742537,0.000742537
69,110.277,1.57332,1.18403,1.26713,0.56268,0.40359,0.48896,0.22764,1.50928,1.14176,1.27478,0.000737037,0.000737037,0.000737037
70,111.845,1.65893,1.21858,1.30209,0.69204,0.31467,0.4428,0.20939,1.47536,1.12511,1.27139,0.000731538,0.000731538,0.000731538
71,113.394,1.63123,1.18571,1.29218,0.6167,0.39628,0.46207,0.22092,1.52045,1.11779,1.27604,0.000726038,0.000726038,0.000726038
72,114.94,1.58643,1.16765,1.30014,0.66346,0.33729,0.45233,0.22027,1.53777,1.1259,1.2406,0.000720539,0.000720539,0.000720539
73,116.526,1.65169,1.16763,1.25765,0.69007,0.32579,0.43703,0.20624,1.55543,1.14239,1.23999,0.00071504,0.00071504,0.00071504
74,118.079,1.5271,1.09884,1.21907,0.42385,0.43324,0.42071,0.22103,1.41426,1.10545,1.21174,0.00070954,0.00070954,0.00070954
75,119.605,1.57005,1.13202,1.25748,0.43459,0.49511,0.42854,0.20956,1.54555,1.11816,1.25983,0.000704041,0.000704041,0.000704041
76,121.163,1.50562,1.17612,1.27223,0.51315,0.46349,0.43091,0.21891,1.44237,1.08258,1.22415,0.000698541,0.000698541,0.000698541
77,122.709,1.5977,1.14842,1.26164,0.49176,0.48682,0.44156,0.22472,1.42903,1.07128,1.22248,0.000693042,0.000693042,0.000693042
78,124.25,1.53501,1.1595,1.28168,0.50221,0.45502,0.44532,0.23303,1.40981,1.03626,1.21756,0.000687542,0.000687542,0.000687542
79,125.828,1.50146,1.09117,1.24919,0.56398,0.40445,0.4653,0.22983,1.50011,1.06765,1.23735,0.000682043,0.000682043,0.000682043
80,127.358,1.47571,1.09599,1.23285,0.46554,0.4618,0.43644,0.21868,1.38784,1.03108,1.212,0.000676543,0.000676543,0.000676543
81,128.926,1.50447,1.09099,1.22446,0.50263,0.39031,0.44051,0.21483,1.45183,1.03957,1.22717,0.000671044,0.000671044,0.000671044
82,130.48,1.50368,1.1139,1.24503,0.50802,0.45483,0.46175,0.23343,1.4595,1.0624,1.22817,0.000665545,0.000665545,0.000665545
83,132.061,1.49817,1.13108,1.22143,0.48177,0.44905,0.4665,0.23875,1.3738,1.04098,1.18847,0.000660045,0.000660045,0.000660045
84,133.641,1.48364,1.07971,1.22124,0.57962,0.44678,0.4547,0.23036,1.42007,1.04071,1.19552,0.000654546,0.000654546,0.000654546
85,135.278,1.47188,1.08877,1.21957,0.52364,0.46813,0.46043,0.23941,1.43944,1.0369,1.20287,0.000649046,0.000649046,0.000649046
86,136.864,1.46824,1.062,1.21255,0.57021,0.45454,0.52022,0.28231,1.34721,1.02077,1.17676,0.000643547,0.000643547,0.000643547
87,138.444,1.45316,1.07321,1.19259,0.62106,0.48686,0.51846,0.28448,1.38905,1.02526,1.18331,0.000638047,0.000638047,0.000638047
88,140.013,1.45367,1.10297,1.20762,0.6295,0.4307,0.4867,0.26848,1.40909,1.00099,1.18772,0.000632548,0.000632548,0.000632548
89,141.544,1.45328,1.05391,1.18831,0.58855,0.44954,0.49803,0.27572,1.34585,0.96773,1.17175,0.000627048,0.000627048,0.000627048
90,143.078,1.47315,1.05781,1.18461,0.61764,0.43859,0.48113,0.25709,1.34938,0.96674,1.1689,0.000621549,0.000621549,0.000621549
91,144.623,1.4805,1.06575,1.21839,0.64898,0.39742,0.47594,0.24886,1.40427,1.01034,1.19644,0.000616049,0.000616049,0.000616049
92,146.193,1.47778,1.07228,1.2037,0.63462,0.43958,0.52832,0.27384,1.35632,0.99373,1.18258,0.00061055,0.00061055,0.00061055
93,147.716,1.46931,1.04372,1.21645,0.58215,0.4364,0.4985,0.27063,1.39847,0.99271,1.19974,0.000605051,0.000605051,0.000605051
94,149.269,1.53424,1.03583,1.2196,0.56201,0.50819,0.50935,0.24896,1.49536,0.98672,1.21299,0.000599551,0.000599551,0.000599551
95,150.83,1.4874,1.08788,1.19349,0.50504,0.4885,0.47035,0.25269,1.3699,0.98029,1.19601,0.000594052,0.000594052,0.000594052
96,152.384,1.48167,1.0413,1.20306,0.58599,0.41651,0.4747,0.25461,1.3417,0.97664,1.17658,0.000588552,0.000588552,0.000588552
97,153.931,1.4116,1.03614,1.19949,0.51018,0.47348,0.47537,0.26353,1.38635,0.99238,1.17725,0.000583053,0.000583053,0.000583053
98,155.503,1.51187,1.05981,1.20812,0.57311,0.48274,0.46726,0.2501,1.44668,0.99054,1.20479,0.000577553,0.000577553,0.000577553
99,157.048,1.429,1.03454,1.20051,0.54477,0.46154,0.47898,0.26326,1.32395,0.97302,1.17019,0.000572054,0.000572054,0.000572054
100,158.597,1.39676,1.04974,1.19639,0.54626,0.43722,0.48524,0.26182,1.45298,0.99298,1.18525,0.000566554,0.000566554,0.000566554
101,160.107,1.55858,1.12471,1.19455,0.54901,0.42994,0.48602,0.26851,1.44058,0.99176,1.17108,0.000561055,0.000561055,0.000561055
102,161.657,1.40634,0.9927,1.17362,0.56291,0.42286,0.48652,0.2675,1.31936,0.99301,1.14578,0.000555556,0.000555556,0.000555556
103,163.186,1.41893,1.02969,1.18351,0.6929,0.3952,0.49541,0.27769,1.30292,0.93916,1.13853,0.000550056,0.000550056,0.000550056
104,164.75,1.38712,0.99644,1.16352,0.51431,0.47001,0.47023,0.25541,1.29937,0.95056,1.1379,0.000544557,0.000544557,0.000544557
105,166.344,1.39135,1.03706,1.18194,0.56649,0.45631,0.50776,0.27092,1.3011,0.93776,1.14454,0.000539057,0.000539057,0.000539057
106,167.958,1.40138,1.01694,1.17839,0.54766,0.47838,0.51308,0.27516,1.30334,0.94866,1.14019,0.000533558,0.000533558,0.000533558
107,169.484,1.40369,1.04429,1.18309,0.59332,0.50351,0.49674,0.25842,1.42865,0.96905,1.18133,0.000528058,0.000528058,0.000528058
108,171.051,1.41485,0.97855,1.15117,0.71115,0.45737,0.54326,0.27928,1.30704,0.95228,1.15925,0.000522559,0.000522559,0.000522559
109,172.6,1.41483,0.98257,1.13916,0.74505,0.45883,0.54876,0.27419,1.33541,0.97273,1.16677,0.000517059,0.000517059,0.000517059
110,174.13,1.46132,1.01874,1.15802,0.54925,0.44508,0.50825,0.27178,1.3319,0.95836,1.14851,0.00051156,0.00051156,0.00051156
111,175.686,1.40535,0.96739,1.14128,0.6007,0.52411,0.51597,0.27497,1.30481,0.94486,1.13586,0.00050606,0.00050606,0.00050606
112,177.243,1.35946,0.97426,1.136,0.591,0.50264,0.53412,0.27785,1.30927,0.9364,1.14256,0.000500561,0.000500561,0.000500561
113,178.775,1.40913,1.01576,1.16286,0.73597,0.49449,0.58091,0.31573,1.27271,0.92025,1.13212,0.000495062,0.000495062,0.000495062
114,180.364,1.39463,0.9655,1.13115,0.65288,0.53586,0.56647,0.30537,1.31015,0.91044,1.13781,0.000489562,0.000489562,0.000489562
115,181.905,1.39651,0.9507,1.15462,0.6013,0.5392,0.55594,0.30408,1.2924,0.9056,1.13714,0.000484063,0.000484063,0.000484063
116,183.469,1.34853,0.98106,1.14905,0.75554,0.45768,0.55619,0.31052,1.3305,0.91326,1.14723,0.000478563,0.000478563,0.000478563
117,185.032,1.34746,0.93716,1.12672,0.71629,0.46257,0.5555,0.31676,1.30675,0.92065,1.1407,0.000473064,0.000473064,0.000473064
118,186.585,1.34662,0.96458,1.15298,0.69939,0.44616,0.53616,0.2959,1.29185,0.93394,1.13819,0.000467564,0.000467564,0.000467564
119,188.157,1.31408,0.97417,1.14132,0.70164,0.47879,0.54393,0.29892,1.34737,0.94766,1.13589,0.000462065,0.000462065,0.000462065
120,189.748,1.3906,0.96445,1.12841,0.6123,0.51011,0.51384,0.27789,1.28209,0.91196,1.11919,0.000456565,0.000456565,0.000456565
121,191.287,1.35031,0.97203,1.13584,0.61604,0.57057,0.52544,0.28186,1.26218,0.89396,1.11363,0.000451066,0.000451066,0.000451066
122,192.822,1.35012,0.96178,1.1435,0.58797,0.5211,0.53054,0.27934,1.33599,0.91956,1.13015,0.000445567,0.000445567,0.000445567
123,194.4,1.33847,0.96975,1.11294,0.64078,0.52843,0.53425,0.28595,1.29379,0.9369,1.12347,0.000440067,0.000440067,0.000440067
124,195.938,1.34406,0.98839,1.16135,0.66818,0.4916,0.52956,0.28361,1.28143,0.923,1.11828,0.000434568,0.000434568,0.000434568
125,197.473,1.35176,0.9796,1.14338,0.66498,0.52694,0.53916,0.29305,1.28034,0.91837,1.11172,0.000429068,0.000429068,0.000429068
126,199.079,1.33227,0.9393,1.13678,0.66558,0.53222,0.56556,0.30644,1.30974,0.9055,1.11431,0.000423569,0.000423569,0.000423569
127,200.667,1.34029,0.95527,1.10752,0.66481,0.55659,0.5512,0.29122,1.26985,0.91361,1.1107,0.000418069,0.000418069,0.000418069
128,202.211,1.30119,0.92878,1.11942,0.59826,0.49905,0.53226,0.27559,1.28068,0.91967,1.1098,0.00041257,0.00041257,0.00041257
129,203.744,1.30423,0.90155,1.11406,0.56522,0.57228,0.541,0.28384,1.28365,0.92519,1.11141,0.00040707,0.00040707,0.00040707
130,205.27,1.32942,0.93956,1.09949,0.60069,0.54038,0.5545,0.30312,1.25596,0.9172,1.10767,0.000401571,0.000401571,0.000401571
131,206.857,1.3017,0.92785,1.13531,0.59852,0.53685,0.54774,0.30773,1.26518,0.87879,1.11166,0.000396071,0.000396071,0.000396071
132,208.409,1.28252,0.88892,1.11908,0.64763,0.4919,0.54678,0.29879,1.33839,0.91172,1.12543,0.000390572,0.000390572,0.000390572
133,209.935,1.3457,0.92137,1.10956,0.61513,0.51044,0.54699,0.30595,1.3227,0.91401,1.12096,0.000385073,0.000385073,0.000385073
134,211.469,1.30847,0.9273,1.11892,0.70789,0.49206,0.54678,0.30509,1.24397,0.87845,1.1011,0.000379573,0.000379573,0.000379573
135,213.015,1.31818,0.94851,1.14629,0.699,0.4546,0.53291,0.29569,1.30009,0.88626,1.11731,0.000374074,0.000374074,0.000374074
136,214.595,1.30645,0.9413,1.11878,0.59165,0.48576,0.5122,0.27297,1.28782,0.91634,1.123,0.000368574,0.000368574,0.000368574
137,216.162,1.28737,0.956,1.11011,0.61016,0.4306,0.50679,0.26909,1.26853,0.90494,1.11987,0.000363075,0.000363075,0.000363075
138,217.731,1.31528,0.921,1.12536,0.57705,0.47945,0.48582,0.27131,1.26061,0.87794,1.10847,0.000357575,0.000357575,0.000357575
139,219.269,1.31428,0.93912,1.15752,0.52626,0.53517,0.50211,0.27009,1.32945,0.86991,1.1088,0.000352076,0.000352076,0.000352076
140,220.814,1.35476,0.93204,1.10539,0.52742,0.5553,0.50628,0.27522,1.33145,0.88917,1.12327,0.000346576,0.000346576,0.000346576
141,222.351,1.32566,0.94011,1.14949,0.64178,0.52352,0.53826,0.28078,1.26424,0.87657,1.108,0.000341077,0.000341077,0.000341077
142,223.906,1.29799,0.92975,1.12153,0.65639,0.53605,0.55763,0.28898,1.24458,0.88458,1.10172,0.000335578,0.000335578,0.000335578
143,225.428,1.29922,0.92121,1.11028,0.64186,0.47909,0.55612,0.30443,1.29383,0.86492,1.10621,0.000330078,0.000330078,0.000330078
144,226.965,1.28735,0.88762,1.1049,0.65188,0.4988,0.53414,0.30032,1.27319,0.8555,1.0994,0.000324579,0.000324579,0.000324579
145,228.493,1.30936,0.88361,1.0874,0.66185,0.54027,0.5546,0.30974,1.24766,0.86057,1.09379,0.000319079,0.000319079,0.000319079
146,230.069,1.261,0.87701,1.12006,0.61836,0.55852,0.54234,0.29768,1.25736,0.89224,1.09751,0.00031358,0.00031358,0.00031358
147,231.721,1.28397,0.87912,1.10592,0.67231,0.52948,0.54242,0.28495,1.26202,0.88331,1.10049,0.00030808,0.00030808,0.00030808
148,233.263,1.25041,0.85817,1.07091,0.66318,0.52668,0.54137,0.29218,1.24562,0.86171,1.09537,0.000302581,0.000302581,0.000302581
149,234.778,1.26761,0.8912,1.09989,0.72974,0.46844,0.57075,0.31105,1.24162,0.85033,1.09175,0.000297081,0.000297081,0.000297081
150,236.321,1.27583,0.8798,1.11221,0.7915,0.52319,0.59276,0.33253,1.26288,0.8599,1.08733,0.000291582,0.000291582,0.000291582
151,237.856,1.28204,0.88219,1.09103,0.78249,0.49872,0.58925,0.32757,1.26968,0.86068,1.0857,0.000286083,0.000286083,0.000286083
152,239.417,1.29173,0.88375,1.10611,0.72455,0.50531,0.57851,0.31865,1.24088,0.85872,1.08394,0.000280583,0.000280583,0.000280583
153,240.985,1.22856,0.89601,1.10352,0.69218,0.51815,0.57419,0.31909,1.26059,0.86076,1.0893,0.000275084,0.000275084,0.000275084
154,242.583,1.29219,0.89148,1.11053,0.66677,0.52274,0.56645,0.30213,1.30832,0.86829,1.10339,0.000269584,0.000269584,0.000269584
155,244.12,1.27008,0.85835,1.09046,0.68149,0.49594,0.58317,0.31893,1.25372,0.89441,1.0936,0.000264085,0.000264085,0.000264085
156,245.674,1.29563,0.91451,1.104,0.5812,0.58185,0.57022,0.31131,1.24877,0.89847,1.09515,0.000258585,0.000258585,0.000258585
157,247.195,1.27797,0.89756,1.10136,0.61686,0.56914,0.55376,0.30822,1.23027,0.86905,1.08911,0.000253086,0.000253086,0.000253086
158,248.791,1.2824,0.90972,1.0917,0.66561,0.51442,0.52662,0.29803,1.25767,0.85919,1.09389,0.000247586,0.000247586,0.000247586
159,250.342,1.27211,0.88271,1.1013,0.65732,0.53125,0.54452,0.30318,1.28643,0.88816,1.09841,0.000242087,0.000242087,0.000242087
160,251.92,1.23975,0.88617,1.08129,0.62307,0.5584,0.56309,0.31184,1.23831,0.86285,1.08983,0.000236587,0.000236587,0.000236587
161,253.472,1.27048,0.86922,1.09232,0.61449,0.55067,0.55695,0.30792,1.23036,0.85886,1.08779,0.000231088,0.000231088,0.000231088
162,255.017,1.2934,0.88816,1.11224,0.67608,0.51431,0.55735,0.32033,1.24849,0.85423,1.08899,0.000225589,0.000225589,0.000225589
163,256.576,1.266,0.86225,1.09525,0.64798,0.50245,0.55955,0.31327,1.26255,0.84526,1.08655,0.000220089,0.000220089,0.000220089
164,258.141,1.27562,0.89054,1.09896,0.59233,0.60402,0.55613,0.30684,1.23806,0.84899,1.07542,0.00021459,0.00021459,0.00021459
165,259.66,1.25503,0.86824,1.06702,0.63191,0.5535,0.55868,0.31141,1.23211,0.84226,1.07487,0.00020909,0.00020909,0.00020909
166,261.236,1.26641,0.86115,1.08483,0.61322,0.57187,0.57225,0.30561,1.25036,0.83338,1.08335,0.000203591,0.000203591,0.000203591
167,262.834,1.21223,0.88226,1.09034,0.60676,0.57179,0.5559,0.31018,1.24111,0.83554,1.08122,0.000198091,0.000198091,0.000198091
168,264.446,1.23318,0.85696,1.06,0.64608,0.5854,0.56505,0.31752,1.22591,0.81989,1.07845,0.000192592,0.000192592,0.000192592
169,265.969,1.19426,0.83501,1.06488,0.70677,0.586,0.58738,0.32202,1.21551,0.82325,1.07551,0.000187092,0.000187092,0.000187092
170,267.518,1.22383,0.82542,1.0855,0.75766,0.5286,0.56827,0.30685,1.23737,0.83484,1.0829,0.000181593,0.000181593,0.000181593
171,269.036,1.19169,0.83273,1.0779,0.72737,0.5328,0.58128,0.31173,1.26333,0.84307,1.08726,0.000176094,0.000176094,0.000176094
172,270.577,1.28719,0.94339,1.11481,0.77699,0.46923,0.58309,0.31427,1.24641,0.84642,1.08295,0.000170594,0.000170594,0.000170594
173,272.098,1.21152,0.8463,1.073,0.76683,0.47631,0.58456,0.32658,1.23016,0.84542,1.08062,0.000165095,0.000165095,0.000165095
174,273.603,1.18302,0.84447,1.09651,0.63507,0.53679,0.5841,0.32553,1.22059,0.83117,1.08073,0.000159595,0.000159595,0.000159595
175,275.151,1.22976,0.86104,1.07047,0.63103,0.5827,0.5867,0.32414,1.2397,0.82778,1.08505,0.000154096,0.000154096,0.000154096
176,276.73,1.24524,0.86378,1.08458,0.62727,0.60249,0.57699,0.31839,1.2414,0.82433,1.08241,0.000148596,0.000148596,0.000148596
177,278.237,1.21664,0.86195,1.10265,0.63815,0.58488,0.57598,0.32462,1.23144,0.82037,1.07862,0.000143097,0.000143097,0.000143097
178,279.799,1.22543,0.84695,1.08702,0.63318,0.57132,0.55834,0.31525,1.21921,0.81834,1.0729,0.000137597,0.000137597,0.000137597
179,281.341,1.27082,0.8687,1.08597,0.65594,0.57718,0.56531,0.31437,1.23005,0.83066,1.07404,0.000132098,0.000132098,0.000132098
180,282.874,1.15183,0.82135,1.0806,0.6728,0.59949,0.56489,0.31641,1.23644,0.83309,1.07669,0.000126598,0.000126598,0.000126598
181,284.453,1.22989,0.83938,1.0692,0.66676,0.5973,0.56299,0.31809,1.23754,0.83241,1.07857,0.000121099,0.000121099,0.000121099
182,286.013,1.23274,0.82153,1.04641,0.65035,0.60974,0.57,0.32651,1.23695,0.82788,1.07989,0.0001156,0.0001156,0.0001156
183,287.583,1.2557,0.8553,1.09248,0.64279,0.59114,0.56559,0.32123,1.22834,0.82586,1.07719,0.0001101,0.0001101,0.0001101
184,289.135,1.24187,0.81734,1.06565,0.65382,0.55618,0.56827,0.32422,1.21929,0.81838,1.07412,0.000104601,0.000104601,0.000104601
185,290.673,1.23193,0.83852,1.06911,0.68931,0.56928,0.56754,0.32263,1.21277,0.81287,1.07235,9.91012e-05,9.91012e-05,9.91012e-05
186,292.224,1.24092,0.82992,1.07055,0.69704,0.56921,0.57201,0.3236,1.20569,0.81089,1.07174,9.36017e-05,9.36017e-05,9.36017e-05
187,293.784,1.25541,0.85914,1.10064,0.71583,0.55436,0.57087,0.31861,1.21092,0.81867,1.07424,8.81023e-05,8.81023e-05,8.81023e-05
188,295.421,1.2325,0.81993,1.05779,0.70393,0.54146,0.57102,0.3178,1.21866,0.82173,1.07795,8.26028e-05,8.26028e-05,8.26028e-05
189,296.966,1.25039,0.86069,1.07817,0.70365,0.54116,0.56598,0.31577,1.22064,0.82298,1.07822,7.71034e-05,7.71034e-05,7.71034e-05
190,298.508,1.25492,0.84078,1.09459,0.69748,0.53989,0.56856,0.31745,1.21699,0.82704,1.0774,7.1604e-05,7.1604e-05,7.1604e-05
191,301.028,1.19978,0.84429,1.0711,0.70648,0.53278,0.56289,0.31929,1.22143,0.82432,1.07741,6.61045e-05,6.61045e-05,6.61045e-05
192,302.546,1.17025,0.81089,1.04661,0.69531,0.54323,0.55569,0.31552,1.21686,0.82379,1.07452,6.06051e-05,6.06051e-05,6.06051e-05
193,304.039,1.20679,0.87024,1.10163,0.69067,0.54609,0.55848,0.3183,1.21371,0.82402,1.07321,5.51056e-05,5.51056e-05,5.51056e-05
194,305.563,1.15289,0.80481,1.0639,0.63284,0.53125,0.55108,0.32111,1.20744,0.8213,1.07161,4.96062e-05,4.96062e-05,4.96062e-05
195,307.074,1.16507,0.80933,1.07475,0.61999,0.53172,0.55024,0.31917,1.21283,0.81692,1.0709,4.41067e-05,4.41067e-05,4.41067e-05
196,308.554,1.16141,0.81183,1.07253,0.65342,0.52405,0.54978,0.31604,1.21687,0.81915,1.07108,3.86073e-05,3.86073e-05,3.86073e-05
197,310.038,1.17102,0.84823,1.0493,0.61835,0.53457,0.54889,0.31454,1.21671,0.81867,1.0705,3.31078e-05,3.31078e-05,3.31078e-05
198,311.555,1.1724,0.80018,1.05608,0.60196,0.51749,0.54884,0.32049,1.21558,0.8179,1.06982,2.76084e-05,2.76084e-05,2.76084e-05
199,313.046,1.14782,0.79845,1.04494,0.64527,0.50057,0.54929,0.32453,1.20935,0.81916,1.06802,2.21089e-05,2.21089e-05,2.21089e-05
200,314.535,1.1513,0.8137,1.04255,0.64974,0.50244,0.5539,0.32458,1.20501,0.81952,1.06675,1.66095e-05,1.66095e-05,1.66095e-05
